fid,pid
000109.jpg,3325
000308.jpg,8939
000434.jpg,3625
000599.jpg,6691
000982.jpg,2472
001248.jpg,8939
001332.jpg,992
001379.jpg,2861
001424.jpg,4955
001493.jpg,417
001976.jpg,4744
002208.jpg,6314
002249.jpg,1223
002506.jpg,6159
002711.jpg,417
002877.jpg,9921
003375.jpg,1815
003580.jpg,4744
003882.jpg,8788
004105.jpg,2861
004558.jpg,1815
004659.jpg,2472
004739.jpg,7426
004769.jpg,4955
005121.jpg,3960
005154.jpg,2861
005559.jpg,8788
005988.jpg,9106
006051.jpg,2861
006173.jpg,1223
006233.jpg,5250
006477.jpg,8788
006497.jpg,7228
006645.jpg,9921
007039.jpg,1410
007047.jpg,8939
007068.jpg,8457
007242.jpg,4744
007268.jpg,2861
007386.jpg,3960
007472.jpg,1410
007667.jpg,3325
007961.jpg,8643
008114.jpg,6159
008368.jpg,1815
008766.jpg,6159
009035.jpg,8457
009298.jpg,2225
009302.jpg,8643
009459.jpg,5427
009563.jpg,2225
009778.jpg,4955
009790.jpg,4744
009806.jpg,2472
009836.jpg,417
010269.jpg,2472
010346.jpg,417
010474.jpg,8643
010580.jpg,4355
011092.jpg,8939
011177.jpg,4355
011185.jpg,7426
011246.jpg,5427
011463.jpg,992
011473.jpg,4355
011546.jpg,4355
011579.jpg,4955
011732.jpg,3625
011846.jpg,5427
012196.jpg,1410
012231.jpg,6159
012400.jpg,3325
012689.jpg,2472
013254.jpg,9106
013317.jpg,3625
013614.jpg,8643
014229.jpg,1223
014480.jpg,3325
014492.jpg,3625
014565.jpg,992
014798.jpg,8643
014836.jpg,6691
015109.jpg,992
015966.jpg,6314
015987.jpg,4355
016250.jpg,6314
016454.jpg,2225
016473.jpg,6691
016500.jpg,417
016713.jpg,1410
016743.jpg,3960
016798.jpg,7228
017148.jpg,417
017195.jpg,2861
017223.jpg,9106
017907.jpg,9106
018446.jpg,8939
018581.jpg,7426
018678.jpg,3960
018734.jpg,1223
018917.jpg,4744
019014.jpg,6159
019067.jpg,5427
019103.jpg,3960
019243.jpg,7426
019567.jpg,2472
019600.jpg,7426
019888.jpg,2861
020133.jpg,4172
020312.jpg,8788
020320.jpg,8643
020534.jpg,8457
020596.jpg,6691
020746.jpg,7426
020763.jpg,2225
020779.jpg,8457
021556.jpg,8643
021688.jpg,3325
021705.jpg,3325
021756.jpg,6314
021966.jpg,417
022007.jpg,4172
022454.jpg,2472
022945.jpg,2861
023127.jpg,9106
023292.jpg,7228
023878.jpg,992
024417.jpg,2472
024517.jpg,4744
024570.jpg,7228
024653.jpg,6159
024877.jpg,4744
025250.jpg,6314
025391.jpg,8939
025392.jpg,8939
026580.jpg,4355
026697.jpg,3960
026729.jpg,6159
026894.jpg,7426
027624.jpg,6691
027692.jpg,3325
028027.jpg,8643
028054.jpg,4355
028174.jpg,4355
028346.jpg,7426
028426.jpg,4172
028551.jpg,8457
028608.jpg,7228
028748.jpg,3325
028754.jpg,2861
028866.jpg,7228
029155.jpg,8457
029322.jpg,1410
029482.jpg,6314
029532.jpg,3960
029575.jpg,9921
029675.jpg,9921
029690.jpg,6159
030003.jpg,2225
030016.jpg,8643
030027.jpg,4172
030171.jpg,9921
030172.jpg,7228
030188.jpg,3625
030274.jpg,2225
030810.jpg,417
030957.jpg,8788
031146.jpg,7426
031233.jpg,3625
031621.jpg,417
032239.jpg,4955
032296.jpg,3960
032401.jpg,1410
032486.jpg,14
032564.jpg,8939
032571.jpg,992
032674.jpg,6691
032769.jpg,417
032802.jpg,9106
032924.jpg,3625
032984.jpg,5250
032991.jpg,4172
033044.jpg,1223
033263.jpg,417
033404.jpg,6314
034182.jpg,4955
034554.jpg,5928
034698.jpg,5928
034985.jpg,5250
035133.jpg,3960
035200.jpg,6159
035796.jpg,4955
035813.jpg,4744
036077.jpg,6159
036105.jpg,2861
036131.jpg,1815
036138.jpg,5250
036216.jpg,8457
036293.jpg,8939
036487.jpg,9921
036531.jpg,1410
036684.jpg,1410
036778.jpg,6314
036816.jpg,5250
037054.jpg,5250
037223.jpg,417
037370.jpg,1815
037591.jpg,8788
037724.jpg,1223
037929.jpg,3325
037959.jpg,2861
037973.jpg,1223
037987.jpg,3960
038058.jpg,1815
038123.jpg,4744
038143.jpg,2861
038856.jpg,5250
039287.jpg,8788
039390.jpg,4744
039509.jpg,5928
039980.jpg,4355
039983.jpg,3960
040153.jpg,9921
040347.jpg,6691
040490.jpg,6159
040758.jpg,5427
041293.jpg,14
041359.jpg,9106
042092.jpg,3960
042234.jpg,6691
042781.jpg,8457
043107.jpg,3960
043544.jpg,1223
043547.jpg,6314
043645.jpg,1223
043666.jpg,4744
043739.jpg,992
043754.jpg,3325
043873.jpg,4172
044014.jpg,5250
044192.jpg,14
044495.jpg,3960
044514.jpg,8643
044621.jpg,8939
044660.jpg,5928
044692.jpg,5928
044746.jpg,1410
044872.jpg,7228
044903.jpg,8457
045016.jpg,1410
045101.jpg,6314
045113.jpg,992
045120.jpg,4955
045235.jpg,6314
045330.jpg,6691
045405.jpg,7228
045534.jpg,4744
045587.jpg,4355
045699.jpg,8643
045707.jpg,5427
046354.jpg,1815
046501.jpg,2472
046543.jpg,8788
046849.jpg,6159
046943.jpg,9106
047091.jpg,8788
047479.jpg,9106
047688.jpg,8643
047752.jpg,4955
048016.jpg,5250
048139.jpg,4355
048393.jpg,2225
048415.jpg,2472
048554.jpg,5427
048738.jpg,3325
049465.jpg,3960
049470.jpg,6314
049571.jpg,1223
049737.jpg,6691
049817.jpg,5427
050386.jpg,2472
050559.jpg,9106
050939.jpg,5928
051011.jpg,992
051333.jpg,1815
051464.jpg,4955
051480.jpg,7426
051809.jpg,14
052003.jpg,8457
052645.jpg,14
053240.jpg,2472
053647.jpg,7228
053690.jpg,2861
054110.jpg,1223
054365.jpg,3625
054804.jpg,3325
054808.jpg,2472
055018.jpg,6159
055110.jpg,8643
055256.jpg,7426
055424.jpg,7426
055616.jpg,8788
055719.jpg,8788
055899.jpg,14
056125.jpg,6314
056486.jpg,2861
056491.jpg,5250
056707.jpg,8788
056721.jpg,9106
057034.jpg,7228
057094.jpg,3960
057210.jpg,3625
057279.jpg,6691
057335.jpg,4744
058219.jpg,3325
058387.jpg,2472
058465.jpg,7426
058941.jpg,7426
058986.jpg,4744
059204.jpg,2225
059548.jpg,8643
059664.jpg,1815
059695.jpg,5928
059987.jpg,3625
060125.jpg,1410
060193.jpg,6691
060320.jpg,9921
060439.jpg,5250
060636.jpg,3625
060703.jpg,8643
060913.jpg,8643
061049.jpg,4955
061426.jpg,1410
061606.jpg,9921
061740.jpg,4744
061788.jpg,4955
061820.jpg,6159
061965.jpg,9921
062150.jpg,3960
062161.jpg,14
062199.jpg,5250
062296.jpg,2472
062394.jpg,6691
062484.jpg,6314
062592.jpg,4355
063128.jpg,1410
063511.jpg,992
063722.jpg,2472
063865.jpg,1223
063972.jpg,992
064054.jpg,6159
064211.jpg,3625
064282.jpg,5250
064419.jpg,5250
064521.jpg,8939
064811.jpg,6691
065244.jpg,1223
065274.jpg,14
065303.jpg,8643
065533.jpg,2225
065795.jpg,1410
065868.jpg,1223
065951.jpg,8457
066037.jpg,2861
066107.jpg,5427
066380.jpg,5427
066818.jpg,14
066850.jpg,1223
066861.jpg,7228
066883.jpg,2225
066916.jpg,8939
067229.jpg,4955
067261.jpg,8457
067478.jpg,1815
067763.jpg,1410
067982.jpg,417
068287.jpg,5250
068537.jpg,4955
068616.jpg,6314
068761.jpg,6314
068994.jpg,8457
069148.jpg,2861
069208.jpg,7228
069364.jpg,14
069520.jpg,4955
069700.jpg,5427
069841.jpg,7426
069882.jpg,14
070122.jpg,5928
070190.jpg,4355
070535.jpg,1815
070618.jpg,8939
071023.jpg,4744
071289.jpg,4172
071780.jpg,8939
072254.jpg,1815
072403.jpg,7228
072476.jpg,5427
072857.jpg,4355
073027.jpg,9921
073286.jpg,14
073533.jpg,7228
073617.jpg,9921
073697.jpg,3625
073734.jpg,2861
073751.jpg,5427
073931.jpg,1410
074516.jpg,7426
074519.jpg,4955
074621.jpg,3325
074743.jpg,417
075324.jpg,2225
075351.jpg,8788
075469.jpg,417
075677.jpg,7228
075861.jpg,8457
076178.jpg,6314
076198.jpg,8939
076331.jpg,417
076370.jpg,4355
076478.jpg,5427
076479.jpg,8643
077254.jpg,5928
077260.jpg,9921
077264.jpg,2472
077397.jpg,7228
077933.jpg,6314
078134.jpg,8457
078872.jpg,2472
079121.jpg,6314
079342.jpg,5928
079422.jpg,9106
079476.jpg,992
079806.jpg,1815
080266.jpg,1815
080464.jpg,9106
080797.jpg,3625
080817.jpg,5427
080834.jpg,7426
080847.jpg,3625
080999.jpg,4172
081295.jpg,4955
081342.jpg,992
081953.jpg,2225
082309.jpg,2472
082342.jpg,7228
082343.jpg,8788
082379.jpg,5427
082385.jpg,6314
082458.jpg,7426
082618.jpg,6314
082782.jpg,7426
082794.jpg,4744
083108.jpg,1410
083394.jpg,8939
083402.jpg,5427
083419.jpg,5250
083506.jpg,4955
083593.jpg,5928
083689.jpg,3325
083925.jpg,9106
083968.jpg,3325
084068.jpg,6314
084127.jpg,5427
084731.jpg,1410
084805.jpg,1223
085182.jpg,7426
085653.jpg,14
085804.jpg,1815
085811.jpg,8643
085824.jpg,3625
086123.jpg,6159
086316.jpg,7228
086497.jpg,9921
086720.jpg,6314
086795.jpg,5250
086952.jpg,2225
087060.jpg,5250
087240.jpg,4744
087368.jpg,3325
087948.jpg,9921
088559.jpg,4172
088853.jpg,7228
088911.jpg,6314
088935.jpg,9921
089674.jpg,2472
089683.jpg,6159
090215.jpg,9921
090220.jpg,8788
090324.jpg,1410
090599.jpg,1223
090933.jpg,7426
091016.jpg,5928
091363.jpg,8457
091380.jpg,4955
091383.jpg,417
091635.jpg,8457
091901.jpg,5250
092421.jpg,8643
092674.jpg,1815
092857.jpg,3625
092944.jpg,14
093034.jpg,8788
093294.jpg,4955
093326.jpg,7228
093373.jpg,6314
093785.jpg,1410
093949.jpg,5928
093954.jpg,4355
094561.jpg,8457
094744.jpg,7426
094755.jpg,2861
095126.jpg,9106
095329.jpg,417
095360.jpg,14
095470.jpg,9106
095482.jpg,992
095544.jpg,2472
095993.jpg,8788
096076.jpg,2861
096408.jpg,1223
096926.jpg,8457
097224.jpg,3325
097237.jpg,417
097942.jpg,6159
098025.jpg,6691
098152.jpg,2225
098185.jpg,6159
098214.jpg,2861
098286.jpg,1410
098928.jpg,4172
098978.jpg,4172
099010.jpg,4355
099183.jpg,6314
099299.jpg,5427
099317.jpg,4172
099551.jpg,9106
099652.jpg,417
099764.jpg,8643
099926.jpg,3625
099961.jpg,3625
100063.jpg,3625
100126.jpg,1223
100424.jpg,8939
100788.jpg,1815
101078.jpg,14
101146.jpg,4955
101410.jpg,2225
101678.jpg,4955
101681.jpg,6691
101841.jpg,9921
102265.jpg,5928
102600.jpg,5427
102730.jpg,992
103068.jpg,8788
103138.jpg,417
103145.jpg,4744
103242.jpg,3325
103277.jpg,2861
103623.jpg,8788
103980.jpg,6691
104361.jpg,6691
104614.jpg,4955
104706.jpg,8788
104839.jpg,992
104968.jpg,5427
105073.jpg,4172
105090.jpg,8939
105100.jpg,7228
105373.jpg,4172
105454.jpg,3325
105596.jpg,4355
106317.jpg,8643
106789.jpg,3325
106913.jpg,3960
106985.jpg,1815
106989.jpg,8643
107084.jpg,5928
107100.jpg,7228
107175.jpg,3325
107499.jpg,1223
107545.jpg,6159
107684.jpg,8939
107724.jpg,14
107926.jpg,4744
108109.jpg,417
108474.jpg,4744
108609.jpg,8939
108630.jpg,4172
108909.jpg,7426
109040.jpg,14
109063.jpg,6691
109069.jpg,2861
109115.jpg,2225
109171.jpg,9921
109856.jpg,6314
110116.jpg,1815
110132.jpg,5250
110204.jpg,2861
110212.jpg,14
110423.jpg,8939
110528.jpg,9921
110717.jpg,3625
111106.jpg,3960
111189.jpg,5427
111234.jpg,9921
111278.jpg,7228
111926.jpg,417
112185.jpg,4355
112944.jpg,7228
113409.jpg,1410
113459.jpg,2472
113507.jpg,14
113626.jpg,5928
113664.jpg,9921
113851.jpg,1815
114077.jpg,4744
114254.jpg,992
114353.jpg,992
114535.jpg,8643
114585.jpg,5928
114834.jpg,417
114927.jpg,4172
115412.jpg,3960
115423.jpg,417
115565.jpg,4744
115794.jpg,4744
115876.jpg,3960
116050.jpg,5250
116147.jpg,4955
116272.jpg,8788
116460.jpg,4355
116617.jpg,1223
116749.jpg,1223
117036.jpg,6159
117270.jpg,8788
117581.jpg,6159
117661.jpg,1223
117685.jpg,4744
117859.jpg,1410
117879.jpg,8788
117972.jpg,417
117985.jpg,4355
118395.jpg,9921
118878.jpg,5928
118884.jpg,8457
119045.jpg,7426
119213.jpg,7426
119777.jpg,9106
119823.jpg,9921
119944.jpg,3325
120123.jpg,5427
120260.jpg,4744
120541.jpg,2472
120595.jpg,6159
120648.jpg,7426
120866.jpg,3960
120919.jpg,6159
121152.jpg,4355
121344.jpg,2861
121803.jpg,5928
122060.jpg,14
122251.jpg,6691
122475.jpg,6691
122730.jpg,992
122814.jpg,8788
122847.jpg,1815
122851.jpg,4172
122873.jpg,14
123025.jpg,2225
123091.jpg,3960
123281.jpg,1223
123375.jpg,4172
123655.jpg,3325
123777.jpg,8939
123817.jpg,8788
124052.jpg,2861
124212.jpg,2225
124241.jpg,2472
124514.jpg,2472
124545.jpg,3625
124723.jpg,1815
124743.jpg,9106
124834.jpg,3960
125056.jpg,7426
125086.jpg,992
125257.jpg,2472
125389.jpg,4955
125463.jpg,1410
125686.jpg,2861
125698.jpg,992
125867.jpg,5928
126241.jpg,7426
126298.jpg,9106
126313.jpg,3960
126317.jpg,417
126515.jpg,1815
126573.jpg,8457
127523.jpg,6159
127605.jpg,3960
127656.jpg,3625
127947.jpg,5928
128178.jpg,9106
128287.jpg,3625
128388.jpg,4744
128409.jpg,6159
128533.jpg,4172
128538.jpg,6314
128875.jpg,3625
128996.jpg,9106
128998.jpg,5427
129246.jpg,6691
129467.jpg,5250
129582.jpg,8457
129640.jpg,8939
129831.jpg,14
130108.jpg,992
130215.jpg,2225
130299.jpg,6691
130435.jpg,8788
130562.jpg,14
131119.jpg,8788
131134.jpg,5928
131354.jpg,4355
131429.jpg,5250
131436.jpg,5250
131453.jpg,6691
131599.jpg,4355
131822.jpg,3960
131864.jpg,6691
132079.jpg,3960
132181.jpg,9921
132296.jpg,5928
132374.jpg,8788
132822.jpg,2225
132978.jpg,7228
133117.jpg,6159
133409.jpg,992
133659.jpg,992
133751.jpg,8939
133830.jpg,4172
133984.jpg,8939
134810.jpg,8643
135007.jpg,4355
135045.jpg,7228
135087.jpg,992
135220.jpg,5928
135434.jpg,8457
135639.jpg,8939
135675.jpg,9921
135996.jpg,1410
136097.jpg,7426
136169.jpg,9106
136285.jpg,9921
136301.jpg,5250
136651.jpg,992
136690.jpg,992
136774.jpg,6691
136811.jpg,4955
136919.jpg,6159
137194.jpg,9106
137524.jpg,3625
138041.jpg,5250
138062.jpg,3325
138296.jpg,3625
138433.jpg,3325
138674.jpg,5928
138967.jpg,6314
139081.jpg,14
139366.jpg,2225
139491.jpg,9106
139619.jpg,14
139631.jpg,8457
139947.jpg,2225
139957.jpg,8939
139972.jpg,1410
139986.jpg,4172
140133.jpg,1223
140625.jpg,14
141202.jpg,4172
141241.jpg,4172
141769.jpg,8788
141868.jpg,2225
141950.jpg,4355
142024.jpg,8939
142153.jpg,5928
142245.jpg,8788
142310.jpg,9106
142494.jpg,9106
142573.jpg,1223
143100.jpg,8643
143201.jpg,14
143295.jpg,2472
143536.jpg,5427
143551.jpg,4355
143623.jpg,9921
144025.jpg,8457
144135.jpg,1410
144162.jpg,8457
144179.jpg,4744
144239.jpg,8643
144540.jpg,2225
144693.jpg,2861
145216.jpg,7228
145236.jpg,5928
145344.jpg,3625
145398.jpg,417
145434.jpg,4172
145479.jpg,5250
145491.jpg,2225
145643.jpg,417
145647.jpg,1815
145757.jpg,8939
145887.jpg,2225
145900.jpg,992
145909.jpg,8457
146330.jpg,9921
146626.jpg,1223
146812.jpg,8457
147081.jpg,14
147573.jpg,3325
147678.jpg,8643
147700.jpg,2472
148990.jpg,1815
149201.jpg,5427
149317.jpg,2225
149609.jpg,3625
149716.jpg,4744
149937.jpg,4355
150012.jpg,4955
150283.jpg,4172
150516.jpg,4172
150960.jpg,4355
150978.jpg,992
151090.jpg,5928
151099.jpg,5427
151237.jpg,3325
151580.jpg,2472
151689.jpg,1223
151718.jpg,6691
152958.jpg,5928
152973.jpg,5250
152988.jpg,8643
153018.jpg,1410
153025.jpg,4172
153139.jpg,4172
153301.jpg,4172
153394.jpg,7228
153559.jpg,6691
153775.jpg,7426
153956.jpg,1410
153962.jpg,1815
154257.jpg,1410
154334.jpg,2861
154463.jpg,3960
154687.jpg,2225
154890.jpg,4172
154904.jpg,4355
154998.jpg,6159
155462.jpg,4955
155600.jpg,2472
155915.jpg,6691
156290.jpg,5250
156352.jpg,8457
156630.jpg,5427
157099.jpg,4955
157138.jpg,6159
157199.jpg,8643
157237.jpg,8939
157543.jpg,3625
157785.jpg,6691
157863.jpg,9106
157893.jpg,1815
157936.jpg,3325
157959.jpg,4955
158211.jpg,9106
158412.jpg,8457
158477.jpg,14
158688.jpg,2225
158847.jpg,1815
158908.jpg,3960
158977.jpg,4744
159109.jpg,5928
159303.jpg,5427
159327.jpg,992
159582.jpg,5427
159913.jpg,1815
160127.jpg,2861
160165.jpg,7228
160380.jpg,9921
160601.jpg,3325
160899.jpg,417
161210.jpg,1815
161653.jpg,5250
161657.jpg,1223
161744.jpg,2225
161781.jpg,9106
161822.jpg,6314
162053.jpg,2861
162172.jpg,1223
163028.jpg,1590
163046.jpg,4558
163067.jpg,3059
163827.jpg,1590
163904.jpg,1590
164003.jpg,2020
164005.jpg,2020
164172.jpg,1590
164223.jpg,4558
164452.jpg,3059
164515.jpg,4558
164890.jpg,4558
164990.jpg,1590
164996.jpg,2020
165034.jpg,4558
165201.jpg,3059
165243.jpg,2020
165275.jpg,1590
165535.jpg,4558
165616.jpg,4558
165633.jpg,1590
165680.jpg,4558
166205.jpg,1590
166320.jpg,1590
166372.jpg,2020
166438.jpg,2020
166454.jpg,3059
167190.jpg,2020
167410.jpg,4558
167773.jpg,1590
167878.jpg,4558
168026.jpg,4558
168116.jpg,1590
168196.jpg,1590
168238.jpg,2020
168243.jpg,4558
168253.jpg,1590
168511.jpg,1590
168603.jpg,4558
168954.jpg,2020
168984.jpg,3059
169014.jpg,2020
169133.jpg,4558
169135.jpg,4558
169360.jpg,3059
169431.jpg,3059
169576.jpg,4558
169608.jpg,1590
170047.jpg,3059
170138.jpg,1590
170243.jpg,2020
170358.jpg,1590
170478.jpg,4558
170817.jpg,1590
171932.jpg,3059
172074.jpg,1590
172231.jpg,3059
172296.jpg,4558
172607.jpg,3059
172775.jpg,1590
172823.jpg,3059
173142.jpg,2020
173599.jpg,2020
173757.jpg,2020
173975.jpg,2020
174279.jpg,3059
174639.jpg,1590
174763.jpg,1590
174921.jpg,1590
175090.jpg,2020
175119.jpg,3059
175183.jpg,1590
175451.jpg,3059
175575.jpg,2020
175795.jpg,4558
175841.jpg,4558
175948.jpg,3059
176061.jpg,3059
176125.jpg,4558
176266.jpg,1590
176392.jpg,3059
176782.jpg,4558
177074.jpg,2020
177181.jpg,3059
177213.jpg,2020
177228.jpg,2020
177273.jpg,1590
177541.jpg,4558
177687.jpg,2020
177752.jpg,4558
177808.jpg,1590
178327.jpg,2020
178497.jpg,2020
178514.jpg,1590
179034.jpg,4558
179039.jpg,3059
179142.jpg,3059
179239.jpg,3059
179620.jpg,3059
179753.jpg,3059
179770.jpg,1590
179773.jpg,2020
179872.jpg,2020
179997.jpg,3059
180208.jpg,3059
180308.jpg,2020
180324.jpg,4558
180457.jpg,3059
180651.jpg,4558
180980.jpg,2020
181103.jpg,2020
181180.jpg,3059
181361.jpg,2020
181613.jpg,3059
181909.jpg,3059
182011.jpg,1590
182301.jpg,4558
182498.jpg,4558
182616.jpg,2020
182626.jpg,4558
182846.jpg,5613
182875.jpg,5613
182951.jpg,9680
183009.jpg,5613
183193.jpg,6992
183200.jpg,7921
183256.jpg,6992
183270.jpg,9680
183275.jpg,6447
183360.jpg,6447
183361.jpg,7921
183364.jpg,5613
183452.jpg,6992
183469.jpg,9680
183563.jpg,5132
183808.jpg,6447
183887.jpg,6992
183892.jpg,9680
183912.jpg,6447
183931.jpg,6992
184166.jpg,6447
184176.jpg,5132
184256.jpg,5132
184389.jpg,5613
184769.jpg,5132
184776.jpg,7921
184779.jpg,7921
184798.jpg,5132
184881.jpg,6447
185269.jpg,5132
185309.jpg,5613
185628.jpg,5132
185658.jpg,5613
185898.jpg,5613
185939.jpg,5613
185955.jpg,6992
185980.jpg,9680
186046.jpg,5613
186053.jpg,7921
186163.jpg,5132
186296.jpg,5613
186342.jpg,6992
186410.jpg,5132
186430.jpg,6447
186465.jpg,5132
186562.jpg,9680
186565.jpg,6447
186655.jpg,7921
186736.jpg,5132
186938.jpg,5132
187098.jpg,6447
187220.jpg,7921
187280.jpg,6992
187287.jpg,7921
187354.jpg,5613
187393.jpg,7921
187467.jpg,9680
187749.jpg,6447
187790.jpg,5613
187818.jpg,7921
187878.jpg,5132
188011.jpg,7921
188126.jpg,6992
188155.jpg,9680
188240.jpg,9680
188358.jpg,5613
188503.jpg,6992
188595.jpg,7921
188623.jpg,5132
188639.jpg,7921
188678.jpg,6447
188763.jpg,5613
188813.jpg,6992
188859.jpg,9680
189143.jpg,9680
189460.jpg,7921
189690.jpg,6447
189699.jpg,6447
189712.jpg,5132
189802.jpg,9680
189849.jpg,6447
189952.jpg,5132
190448.jpg,5132
190509.jpg,6992
190672.jpg,6992
190990.jpg,6992
191102.jpg,9680
191589.jpg,7921
191646.jpg,7921
191885.jpg,6992
192069.jpg,6992
192207.jpg,9680
192374.jpg,5132
192409.jpg,9680
192464.jpg,9680
192473.jpg,7921
192598.jpg,6992
192646.jpg,5132
192773.jpg,5613
192879.jpg,6447
192924.jpg,7921
192943.jpg,6992
193006.jpg,9680
193032.jpg,6992
193078.jpg,5132
193097.jpg,7921
193127.jpg,5132
193169.jpg,9680
193351.jpg,7921
193444.jpg,7921
193550.jpg,5132
193598.jpg,6992
193696.jpg,6447
193990.jpg,5132
194059.jpg,5613
194324.jpg,9680
194344.jpg,9680
194387.jpg,6447
194472.jpg,5613
194487.jpg,5613
194705.jpg,7921
194786.jpg,6447
194822.jpg,6992
194936.jpg,6447
195038.jpg,6447
195320.jpg,6447
195377.jpg,6447
195421.jpg,6447
195543.jpg,7921
195555.jpg,5613
195630.jpg,6992
195701.jpg,9680
195797.jpg,6992
195936.jpg,6447
195992.jpg,6992
195999.jpg,6992
196083.jpg,7921
196128.jpg,7921
196239.jpg,5613
196341.jpg,6992
196492.jpg,9680
196514.jpg,6447
196603.jpg,6447
196977.jpg,6992
197051.jpg,9680
197109.jpg,5613
197281.jpg,6992
197378.jpg,5132
197754.jpg,5132
197862.jpg,6992
197983.jpg,9680
198189.jpg,7921
198330.jpg,5132
198340.jpg,5132
198356.jpg,9680
198606.jpg,6992
198722.jpg,9680
199065.jpg,7921
199076.jpg,6447
199197.jpg,7921
199309.jpg,5132
199311.jpg,6447
199785.jpg,5613
199934.jpg,9680
200145.jpg,7921
200197.jpg,9680
200368.jpg,6447
200393.jpg,5613
200407.jpg,5613
200473.jpg,5613
200746.jpg,5132
201260.jpg,5613
201270.jpg,5613
201427.jpg,9680
201622.jpg,5613
201799.jpg,7921
202047.jpg,5613
202288.jpg,9680
202332.jpg,5132
202517.jpg,6447
